basis_name,threshold,data_seed,n_basis,active_terms,one_step_mse,rollout_mse_10,rollout_mse_50,fit_time_s
perfect_7,0.001,0,7,18,0.5552021442399853,0.0006690993015513293,0.0070428526262494365,0.19317626953125
perfect_7,0.01,0,7,10,0.5690307642633974,0.0007368882896427592,0.008983383371608733,0.19241976737976074
perfect_7,0.1,0,7,8,0.5699183327842534,0.0006768282826070219,0.00894434549354299,0.1883227825164795
perfect_10,0.001,0,10,22,0.5524574209208226,0.000956747865980481,0.010006701791502362,0.21208500862121582
perfect_10,0.01,0,10,10,0.5690307642633974,0.0007368882896427592,0.008983383371608733,0.20136213302612305
perfect_10,0.1,0,10,8,0.5699183327842534,0.0006768282826070219,0.00894434549354299,0.19566702842712402
poly_d1,0.001,0,9,23,15.678560294196473,0.3110018563728993,5.231237627240394,0.2212657928466797
poly_d1,0.01,0,9,19,15.670954912377468,0.3107992691973651,5.235793797886573,0.20239925384521484
poly_d1,0.1,0,9,10,16.023200189064646,0.5854983943901819,6.910364997762138,0.19670319557189941
poly_d2,0.001,0,45,52,15.030522819485135,0.20622247343794403,4.462333926428102,0.8532180786132812
poly_d2,0.01,0,45,26,15.667154759153382,0.31131665574680556,5.2514767677159,0.7489519119262695
poly_d2,0.1,0,45,8,16.02121514100243,0.5859957358915926,6.89284965528685,0.741828203201294
poly_d3,0.001,0,165,118,15.036706849589235,0.20620740226912634,4.458249101373746,3.4554738998413086
poly_d3,0.01,0,165,41,15.679302596228537,0.3114189408557682,5.251928614819893,3.1789066791534424
poly_d3,0.1,0,165,12,16.027164741400817,0.5851755762315098,6.880442433528419,3.098623037338257
p_qwen_plus_01,0.001,0,29,40,0.552146507091286,0.00046257866991453444,0.006163001745187592,0.34046483039855957
p_qwen_plus_01,0.01,0,29,25,0.554370542177836,0.0005123581945474681,0.007204639804060858,0.2990577220916748
p_qwen_plus_01,0.1,0,29,12,0.569919559567965,0.0006766894435606874,0.008944718248534038,0.2726559638977051
q_qwen_local_01,0.001,0,29,67,0.7721793072758297,0.0032106300246771786,0.03977012238196456,0.40806102752685547
q_qwen_local_01,0.01,0,29,38,0.7794631047666096,0.005000328929044553,0.04155080715099098,0.36441612243652344
q_qwen_local_01,0.1,0,29,11,0.7948815846441433,0.005344412099274823,0.044245516429081935,0.3230628967285156
perfect_7,0.001,7,7,17,0.6987345541203396,0.0007828135036061387,0.007520926923203924,0.20878887176513672
perfect_7,0.01,7,7,10,0.7050169712214892,0.0007766454708188215,0.009252730505248994,0.2006697654724121
perfect_7,0.1,7,7,8,0.7059303478072702,0.0007154489922929632,0.008796801864842973,0.19377899169921875
perfect_10,0.001,7,10,20,0.69717539188595,0.0010890697800842036,0.010204606093529198,0.2286548614501953
perfect_10,0.01,7,10,10,0.7050169712214892,0.0007766454708188215,0.009252730505248994,0.20580410957336426
perfect_10,0.1,7,10,8,0.7059303478072702,0.0007154489922929632,0.008796801864842973,0.1970841884613037
poly_d1,0.001,7,9,25,15.574511551220803,0.30557454546677,4.933433268556926,0.2141110897064209
poly_d1,0.01,7,9,15,15.582815419963833,0.30530223912260884,4.965825179234272,0.21128606796264648
poly_d1,0.1,7,9,8,16.00864444325385,0.583926368563028,7.1325448826689914,0.20381474494934082
poly_d2,0.001,7,45,67,14.951103217210914,0.19288973238039597,4.175150580098264,0.8356330394744873
poly_d2,0.01,7,45,26,15.600225715147054,0.304242297031375,4.970231171992186,0.7621479034423828
poly_d2,0.1,7,45,11,16.01577894508012,0.581723543976404,7.142512795625792,0.7482361793518066
poly_d3,0.001,7,165,120,14.965124808541457,0.20075138091291392,4.148076074120973,3.49765682220459
poly_d3,0.01,7,165,37,15.606232392435844,0.3042734867943442,4.962545822652774,3.274496078491211
poly_d3,0.1,7,165,11,16.01577894508012,0.581723543976404,7.142512795625792,3.37306809425354
p_qwen_plus_01,0.001,7,29,42,0.6931984947155577,0.0005476658984958822,0.006569421474966262,0.39492011070251465
p_qwen_plus_01,0.01,7,29,29,0.6947571594424936,0.0006157830330465491,0.008224348838663083,0.30795907974243164
p_qwen_plus_01,0.1,7,29,12,0.7059208945407575,0.000713041232128597,0.008794275192081666,0.3954801559448242
q_qwen_local_01,0.001,7,29,60,0.916280963941938,0.0029745587716698495,0.03186590573167914,0.41573500633239746
q_qwen_local_01,0.01,7,29,24,0.924601636063295,0.004870963623240977,0.03850869897882154,0.4138960838317871
q_qwen_local_01,0.1,7,29,10,0.9303654697105339,0.00497783394538926,0.039293375194294565,0.32410526275634766
perfect_7,0.001,13,7,17,0.5258175842031951,0.0006509656719137076,0.006617865005636751,0.2007143497467041
perfect_7,0.01,13,7,9,0.5266160337261169,0.0006792766762087698,0.0075443413733748445,0.19246912002563477
perfect_7,0.1,13,7,8,0.526939188863907,0.0006190265953004558,0.00815107946272081,0.1973588466644287
perfect_10,0.001,13,10,19,0.5230261584099511,0.000932886273497677,0.008410253684164407,0.22613310813903809
perfect_10,0.01,13,10,9,0.5266160337261169,0.0006792766762087698,0.0075443413733748445,0.20727801322937012
perfect_10,0.1,13,10,8,0.526939188863907,0.0006190265953004558,0.00815107946272081,0.2036151885986328
poly_d1,0.001,13,9,24,15.629429061438694,0.29883467484145493,5.013505234812405,0.22356486320495605
poly_d1,0.01,13,9,18,15.627030863976529,0.29878601459532256,5.016970982811614,0.2133011817932129
poly_d1,0.1,13,9,9,15.971195077344612,0.5769847570813723,6.810664575664267,0.20105600357055664
poly_d2,0.001,13,45,61,14.977891094136165,0.1930453152039558,4.286125787009417,0.8855931758880615
poly_d2,0.01,13,45,27,15.629473655050157,0.29697641260707724,5.013336584566005,0.7555530071258545
poly_d2,0.1,13,45,10,15.981150313603353,0.5750466491494054,6.807415363763603,0.7593410015106201
poly_d3,0.001,13,165,107,15.002744370815005,0.19287205438034624,4.272428337909519,3.4055769443511963
poly_d3,0.01,13,165,32,15.634176799094691,0.29713212711785675,5.015959183889061,3.2132480144500732
poly_d3,0.1,13,165,15,15.979001326975661,0.5752422725736882,6.815821867343892,3.368457078933716
p_qwen_plus_01,0.001,13,29,35,0.5229102626382366,0.00046237949432022566,0.0056179287101948685,0.3810698986053467
p_qwen_plus_01,0.01,13,29,22,0.5252310807866801,0.0005217884731274128,0.006968796818931877,0.34034180641174316
p_qwen_plus_01,0.1,13,29,12,0.5269450104190424,0.0006189633268384442,0.00815449719970167,0.3008420467376709
q_qwen_local_01,0.001,13,29,61,0.747507495288598,0.0022741813499078125,0.02797181841632841,0.44754481315612793
q_qwen_local_01,0.01,13,29,35,0.7549675828799347,0.003649880375042644,0.03007312804744196,0.3827340602874756
q_qwen_local_01,0.1,13,29,11,0.7555854397028505,0.00391711780778542,0.03286960727302871,0.31359100341796875
