rollout,t,p_x,p_z,theta,v_x,v_z,omega,u_1,u_2,ref_p_x,ref_p_z,pos_error,att_error
0,0.0,0.0,0.0,0.0,0.0,0.0,0.0,4.900689856622795,4.900689856622795,0.0,0.0,0.0,0.0
0,0.02,0.0,-1.7240573508821912e-06,0.0,0.0,-0.00017240573508821912,0.0,4.905530548647609,4.905530548647609,0.0,0.0,1.7240573508821912e-06,0.0
0,0.04,0.0,-4.959952593603135e-06,0.0,0.0,-0.00015118378918387522,0.0,4.905488685578071,4.905488685578071,0.0,0.0,4.959952593603135e-06,0.0
0,0.06,0.0,-7.788154146052407e-06,0.0,0.0,-0.00013163636606105202,0.0,4.905445302367376,4.905445302367376,0.0,0.0,7.788154146052407e-06,0.0
0,0.08,0.0,-1.0242760520323204e-05,0.0,0.0,-0.00011382427136602759,0.0,4.905405067470702,4.905405067470702,0.0,0.0,1.0242760520323204e-05,0.0
0,0.1,0.0,-1.2357218959363082e-05,0.0,0.0,-9.762157253796034e-05,0.0,6.105031566024307,5.065902119950083,0.0,0.0,1.2357218959363082e-05,0.0
0,0.12,1.9346721794550255e-06,0.00025787457381480465,-0.005195647230371119,0.0003869337830664711,0.027120298256812492,-0.5195647230371119,5.6834421028650945,5.479066608026291,0.0,0.0,0.0002578818310323724,0.005195647230371119
0,0.14,2.9385406926905662e-05,0.0010706878350576275,-0.016608819165307376,0.002782777586742494,0.05415639818268564,-0.6217524704565136,5.582973115346108,5.5866075987557995,0.0,0.0,0.0010710910056016011,0.016608819165307376
0,0.16,0.0001313930022952953,0.0024252414217457822,-0.02902569615738919,0.00788016300800761,0.08128841295133704,-0.6199352287516677,5.557336749970154,5.619292964989306,0.0,0.0,0.0024287980720520334,0.02902569615738919
0,0.18,0.0003629873055060872,0.004323101389455308,-0.04111461965732678,0.015729365709127203,0.10848179232318983,-0.5889571212420917,5.547458840819401,5.631020624981552,0.0,0.0,0.004338313659415255,0.04111461965732678
0,0.2,0.0007780826619490534,0.006764164434202794,-0.05247595316135786,0.026203045673337134,0.1356047091032677,-0.5471762291610163,5.53900077763652,5.634025839825302,0.0,0.0,0.006808768840382212,0.05247595316135786
0,0.22,0.0014273152064359633,0.009745348298707237,-0.06294435243363428,0.03910943695205117,0.16249118995962034,-0.49966369806662536,5.528202874698829,5.630869630202954,0.0,0.0,0.009849316837305996,0.06294435243363428
0,0.24,0.002357119269544595,0.013260093604056465,-0.07242429261744615,0.054222785100028426,0.18895949173556692,-0.44833032031456277,5.513866140795181,5.621923002488081,0.0,0.0,0.013467965460276381,0.07242429261744615
0,0.26,0.0036091724990527374,0.017298121605180936,-0.08085061471527291,0.07129439800862458,0.214819361307347,-0.39430188946811295,5.401244175365237,5.559873062997455,0.0,0.0,0.017670629224663902,0.08085061471527291
0,0.28,0.005217564175196112,0.021817118850559935,-0.08794350806647408,0.0898030001066634,0.23705851744227166,-0.3149874456520041,5.502107020161517,5.57308667540597,0.0,0.0,0.022432334940031266,0.08794350806647408
0,0.3,0.007212673747333631,0.026802363912965484,-0.0938883587032919,0.10992651828878532,0.2614460631743822,-0.2794976180297777,5.457273655396281,5.561910892314222,0.0,0.0,0.027755888995103548,0.0938883587032919
0,0.32,0.009621711428514403,0.03226304361298272,-0.09895512487929775,0.13116249061441365,0.2846039900286747,-0.22717899957080734,5.420872785056263,5.53238351200084,0.0,0.0,0.03366721422967499,0.09895512487929775
0,0.34,0.012464482465302337,0.03817274688126258,-0.10294115123599101,0.15325940529555307,0.3063516704399821,-0.17142363609851863,5.382871922493019,5.493938952628821,0.0,0.0,0.040156219040003896,0.10294115123599101
0,0.36,0.015755481998595215,0.04450139003329773,-0.10581428880728237,0.17594414964987437,0.32650179162044946,-0.11589012103061735,5.340874921858688,5.4488536492116975,0.0,0.0,0.04720814471999243,0.10581428880728237
0,0.38,0.019503745344116637,0.05121514560925907,-0.10759219759112967,0.19894576506420636,0.34486695590100863,-0.06190075735411282,5.294339040146335,5.397730490151659,0.0,0.0,0.0548031679944304,0.10759219759112967
0,0.4,0.023712987817196204,0.05827645818263758,-0.10831325548818531,0.2220040313156624,0.3612615325806128,-0.010205032351450871,5.243163422869169,5.340782248461896,0.0,0.0,0.06291622501017685,0.10831325548818531
0,0.42,0.028381868704165907,0.06564407630684019,-0.10802926200725069,0.2448740967032906,0.3755013615209472,0.03860438044491277,5.187347431871868,5.278123254694363,0.0,0.0,0.07151695760670171,0.10802926200725069
0,0.44,0.03350433352742338,0.07327307097734632,-0.10680329528423996,0.2673298643911557,0.38740269065044264,0.08399229185616042,5.126897045848751,5.2098310747321355,0.0,0.0,0.08056974181147696,0.10680329528423996
0,0.46,0.039070017464664174,0.08111482858549385,-0.10470877930269983,0.28916676440571026,0.39678068816057915,0.12545930629785262,5.061778460647567,5.135964445280076,0.0,0.0,0.09003378077779035,0.10470877930269983
0,0.48,0.045064699315881106,0.08911701064762952,-0.10182866325358023,0.3102040400451064,0.40344761033200865,0.16255229861410747,4.991843170484006,5.056621801913001,0.0,0.0,0.09986325005326277,0.10182866325358023
0,0.5,0.05147079627919026,0.09722347598771516,-0.0982537241241531,0.3302865128851446,0.4072108828479779,0.1949416143286049,4.923591771539803,4.978951642850572,0.5,0.3,0.4922364932437744,0.0982537241241531
0,0.52,0.05826815328385017,0.10537690907391786,-0.09407809248102716,0.34931199326762363,0.4081456600094311,0.22262154998398964,4.863337992911267,4.909921361769919,0.5,0.3,0.48270609269500847,0.09407809248102716
0,0.54,0.06543504791413371,0.11352410677360082,-0.08939274463705411,0.3672254746339886,0.4065880925404029,0.2459132344133157,4.810617837309448,4.849198106203601,0.5,0.3,0.4728847178076013,0.08939274463705411
0,0.56,0.0729488140978823,0.12161840200023923,-0.08428157860431704,0.38398718762913275,0.40285570350191324,0.2652033688603921,4.765001644512474,4.796320149116427,0.5,0.3,0.4628095827501343,0.08428157860431704
0,0.58,0.08078611672935236,0.12961927688640656,-0.07882091870408943,0.3995696170504116,0.39724596231236,0.2808626211623686,4.726046731937692,4.7507813856050936,0.5,0.3,0.4525150502862498,0.07882091870408943
0,0.6,0.08892317164680386,0.1374919545355996,-0.07307999301250505,0.4139550452018298,0.3900355631586611,0.2932299479960694,4.693293092935294,4.712057501414482,0.5,0.3,0.44203283096347346,0.07307999301250505
0,0.62,0.09733592165599639,0.1452069802281418,-0.06712157201018772,0.42713361133071864,0.381480090422559,0.3026121522356635,4.666269520441401,4.679618714761236,0.5,0.3,0.4313922101275321,0.06712157201018772
0,0.64,0.10600017829625814,0.15273979921360475,-0.06100258299387527,0.43910181939056153,0.37181401156312777,0.3092867493955809,4.6445010359214445,4.652938220560133,0.5,0.3,0.4206202874781836,0.06100258299387527
0,0.66,0.11489173753001239,0.160070337081811,-0.054774662082770216,0.4498614152192811,0.361250942221348,0.31350534171492495,4.627515631485224,4.631498631200654,0.5,0.3,0.40974221699386904,0.054774662082770216
0,0.68,0.12398647600369314,0.1671825876742751,-0.048484640249894566,0.45941855981165736,0.3499841354895886,0.31549684157264,4.614849982229281,4.614797084380035,0.5,0.3,0.3987814379394092,0.048484640249894566
0,0.7000000000000001,0.13326043314985903,0.17406421260314633,-0.042174967907687995,0.46778323436791175,0.33818715379870024,0.31547039264801713,4.606054155088541,4.602349290147215,0.5,0.3,0.3877598901906882,0.042174967907687995
0,0.72,0.14268988320662904,0.18070615566835785,-0.035884084379434286,0.47496882203584195,0.3260146872673448,0.3136179601773539,4.600695412889582,4.593692681026175,0.5,0.3,0.3766982092581732,0.035884084379434286
0,0.74,0.1522514002164461,0.18710227478536176,-0.029646738835204245,0.48099181994075546,0.31360348680118605,0.3101165942456503,4.598361217461334,4.588388790867115,0.5,0.3,0.3656158981910692,0.029646738835204245
0,0.76,0.16192191821804514,0.19324899343899352,-0.023494269083262333,0.48587164301296215,0.3010733839544503,0.30513038094854084,4.598661526970142,4.5860249680143435,0.5,0.3,0.35453147502465027,0.023494269083262333
0,0.78,0.1716787881476101,0.19914497315127935,-0.01745484425907051,0.4896304882336148,0.2885283727646719,0.2988121014706415,4.601230472335213,4.586215514108134,0.5,0.3,0.34346259562414955,0.01745484425907051
0,0.8,0.18149983240142392,0.20479080798333762,-0.011553677020793072,0.49229323423502536,0.27605773158710933,0.2913046223571021,4.605727488276299,4.588602328290008,0.5,0.3,0.33242615270881853,0.011553677020793072
0,0.8200000000000001,0.19136339756722842,0.2101887416773498,-0.0058132103735824845,0.49388735674093115,0.26373716549258763,0.2827420423639566,4.611837966647384,4.59285512688509,0.5,0.3,0.3214383525386206,0.0058132103735824845
0,0.84,0.2012484054900905,0.2153424076790781,-0.0002532837251148206,0.49444284515503134,0.2516299521246295,0.27325062248280974,4.619273493109843,4.598671300436459,0.5,0.3,0.31051477124251076,0.0002532837251148206
0,0.86,0.21113440258673674,0.22025659196099265,0.005108717761174454,0.49399210974687063,0.23978807608809702,0.26294952614611766,4.6277717226831,4.60577546303058,0.5,0.3,0.2996703930898031,0.005108717761174454
0,0.88,0.22100160714689718,0.22493701828794713,0.010257726985834204,0.49256987238974415,0.22825333899333541,0.2519513963198574,4.637095945057709,4.613918742977602,0.5,0.3,0.28891963318216757,0.010257726985834204
0,0.9,0.23083095424897326,0.22939015532919851,0.015180868901830818,0.4902130367239848,0.2170584342243341,0.24036279527980398,4.647034386559867,4.622877858907384,0.5,0.3,0.27827634709934124,0.015180868901830818
0,0.92,0.24060413785907026,0.23362304482032972,0.019867342169164484,0.4869605359998086,0.20622797734382475,0.22828453145356242,4.657399292136604,4.63245402103818,0.5,0.3,0.2677538299908335,0.019867342169164484
0,0.9400000000000001,0.2503036496668446,0.23764314981430498,0.024308306442743614,0.4828531587463405,0.19577948479245072,0.21581189590435068,4.668025827536076,4.6424716936147465,0.5,0.3,0.2573648074908049,0.024308306442743614
0,0.96,0.2599128142294489,0.24145822193041133,0.02849677369122398,0.4779333538672969,0.18572429517841524,0.20303482894368585,4.678770838865209,4.652777251162162,0.5,0.3,0.24712142066355172,0.02849677369122398
0,0.98,0.2694158200378329,0.24507618641104267,0.03242750233158246,0.4722450178287807,0.17606842898103384,0.190038035092162,4.689511503826566,4.663237558150865,0.5,0.3,0.23703520697984848,0.03242750233158246
0,1.0,0.2787977461804967,0.2485050437268355,0.036096893305047194,0.46583326733003216,0.16681338389824285,0.17690106225431146,4.7001439061043015,4.673738498830167,0.5,0.3,0.22711707909446854,0.036096893305047194
0,1.02,0.2880445843521861,0.2517527864280804,0.03950288751376275,0.45874420128209153,0.15795686434674233,0.16369835861724402,4.7105815615478255,4.684183481298269,0.5,0.3,0.21737730295477486,0.03950288751376275
0,1.04,0.29714325603361025,0.2548273299219871,0.04264486428485985,0.451024656108908,0.1494934447680004,0.15049931849246567,4.720753921975494,4.694491937293378,0.5,0.3,0.2078254765292802,0.04264486428485985
0,1.06,0.30608162474860834,0.25773645585854793,0.04552354073129858,0.442721958375032,0.14141516739995405,0.1373683261514076,4.730604879591183,4.704597836687628,0.5,0.3,0.19847051021130574,0.04552354073129858
0,1.08,0.3148485033837158,0.26048776682965374,0.048140872039808956,0.433883678575379,0.13371207604161345,0.1243648046996304,4.740091292188483,4.714448233232785,0.5,0.3,0.18932060973216233,0.048140872039808956
0,1.1,0.32343365662899953,0.2630886511239902,0.050499952839023074,0.42455738963402645,0.1263726880673039,0.11154327522178153,4.749181546534851,4.724001855744926,0.5,0.3,0.18038326221479795,0.050499952839023074
0,1.12,0.3318277986663023,0.26554625633136614,0.05260491988950908,0.4147904332851603,0.1193844075429434,0.09895342982681887,4.7578541746099425,4.7332277566331005,0.5,0.3,0.1716652258152643,0.05260491988950908
0,1.1400000000000001,0.3400225862902563,0.2678674706518804,0.054460856396161245,0.4046296970805776,0.11273388276484982,0.08664022083839784,4.7660965347497495,4.7421040274885655,0.5,0.3,0.16317252323711326,0.054460856396161245
0,1.16,0.348010607697765,0.2700589108352523,0.056073698276623285,0.3941214043107282,0.10640731189036452,0.07464396720780586,4.7739035672508425,4.75061658937241,0.5,0.3,0.15491043926338233,0.056073698276623285
0,1.18,0.3557853672227583,0.27212691575143283,0.05745014273138724,0.3833109186620131,0.10039070056885047,0.06300047826858979,4.781276631644246,4.758758063487237,0.5,0.3,0.14688352233182048,0.05745014273138724
0,1.2,0.3633412663249394,0.2740775446731983,0.05859755945597399,0.3722425649796019,0.0946700756222345,0.05174119419008516,4.788222430679034,4.766526726107997,0.5,0.3,0.13909559008049527,0.05859755945597399
0,1.22,0.3706735811643241,0.2759165794329486,0.059523904816920506,0.36095946707608145,0.08923165887771259,0.040893341904566505,4.7947520240791865,4.773925549991265,0.5,0.3,0.13154973871152364,0.059523904816920506
0,1.24,0.37777843710821085,0.2776495296977606,0.06023763928457223,0.3495034031318484,0.08406200523325078,0.030480104860605817,4.800879933365911,4.780961332990449,0.5,0.3,0.12424835595871221,0.06023763928457223
0,1.26,0.3846527805245814,0.2792816406874925,0.06074764837990704,0.33791467888007126,0.07914810895070226,0.02052080467287487,4.806623337477765,4.787643913282937,0.5,0.3,0.11719313739853778,0.06074764837990704
0,1.28,0.39129434821667647,0.28081790273923735,0.061063167352390396,0.32623201846121713,0.07447748203291388,0.011031092575461088,4.812001357574214,4.793985469466284,0.5,0.3,0.11038510581123953,0.061063167352390396
0,1.3,0.3977016348485505,0.28226306219672787,0.061193709763359964,0.3144924725710911,0.07003820836067048,0.0020231485214958767,4.8170344282710635,4.799999902803097,0.5,0.3,0.10382463327792901,0.061193709763359964
0,1.32,0.4038738587017084,0.28362163317466893,0.061149000106450045,0.30273134331166224,0.06581897705247014,-0.006494114212487467,4.8217437516214146,4.805702298083963,0.5,0.3,0.09751146568872929,0.061149000106450045
0,1.34,0.40981092608937963,0.2848979098148509,0.06093891055451304,0.2909821249837028,0.06180909827377325,-0.01451484098121325,4.826150829412534,4.811108458927564,0.5,0.3,0.09144474933431508,0.06093891055451304
0,1.36,0.415513394738447,0.2860959787128915,0.06057340188246392,0.2792764599313723,0.057998504470387235,-0.02203602622369827,4.8302770687841585,4.81623451283758,0.5,0.3,0.08562305925726925,0.06057340188246392
0,1.3800000000000001,0.4209824364303112,0.28721973125132055,0.06006246857825706,0.2676441084574745,0.05437773973991013,-0.029057304196987488,4.83414345577217,4.821096580976163,0.5,0.3,0.08004442904898681,0.06006246857825706
0,1.4000000000000001,0.42621979917173897,0.2882728756263477,0.059416088120337274,0.25611293176987243,0.050937939791569756,-0.03558074159499114,4.8377702911269855,4.825710507381079,0.5,0.3,0.07470638179120737,0.059416088120337274
0,1.42,0.43122776914563715,0.2892589484020261,0.05864417436970792,0.2447088868899163,0.047670804683330716,-0.04161063346794425,4.841176982631518,4.830091642235002,0.5,0.3,0.06960596185756013,0.05864417436970792
0,1.44,0.43600913267023805,0.29018132546673636,0.05775653499836645,0.2334560324481696,0.04456856626990965,-0.047153303666202184,4.844381888132263,4.834254673777452,0.5,0.3,0.06473976730886014,0.05775653499836645
0,1.46,0.44056713837381406,0.2910432323031145,0.05676283285326835,0.22237654430681852,0.041623952049648465,-0.05221691084360769,4.847402203582173,4.838213503518591,0.5,0.3,0.06010398263554035,0.05676283285326835
0,1.48,0.44490545977111184,0.29184775351395936,0.05567255113607829,0.21149073997780996,0.03883014686462885,-0.056811260875398784,4.850253890559776,4.841981159556605,0.5,0.3,0.05569441162093138,0.05567255113607829
0,1.5,0.44902815840748317,0.2925978415735355,0.05449496226355446,0.2008171108472449,0.036180753688920854,-0.06094762637698414,4.852951637960006,4.845569743003695,0.5,0.3,0.05150651011962573,0.05449496226355446
0,1.52,0.4529396477173924,0.2932963247963366,0.05323910026123322,0.19037236126653634,0.03366975453581825,-0.06463857385513938,4.855508852834947,4.848990402777875,0.5,0.3,0.04753541856552164,0.05323910026123322
0,1.54,0.45664465772574264,0.2939459145341044,0.05191373653384507,0.18017145362644918,0.031291472327222986,-0.06789779888367553,4.85793767568395,4.852253334307481,0.5,0.3,0.04377599404406912,0.05191373653384507
0,1.56,0.4601482007033685,0.2945492116270482,0.05052735884928921,0.1702276585889508,0.02904053439746463,-0.07073996957190998,4.86024901584128,4.855367798012744,0.5,0.3,0.040222841782570594,0.05052735884928921
0,1.58,0.4634555378721418,0.2951087121471099,0.04908815336870833,0.1605526097118189,0.026911838149906282,-0.07318057848617787,4.862452602975212,4.858342153764042,0.5,0.3,0.03687034593103643,0.04908815336870833
0,1.6,0.4665721472404298,0.2956268124801107,0.047603989552928924,0.1511563617605978,0.024900519247508007,-0.07523580309176303,4.864557051086539,4.861183907862327,0.5,0.3,0.03371269952406099,0.047603989552928924
0,1.62,0.46950369263611835,0.29610581380002926,0.046082407774972606,0.1420474520605468,0.023001922597679008,-0.07692237470386898,4.866569931769294,4.863899769435679,0.5,0.3,0.030743933531550326,0.046082407774972606
0,1.6400000000000001,0.4722559939920224,0.29654792599281254,0.04453060946922715,0.13323296429680057,0.0212115762866298,-0.07825745587067656,4.868497853865555,4.8664957134914415,0.5,0.3,0.027957944923076815,0.04453060946922715
0,1.6600000000000001,0.4748349989271964,0.29695527108932407,0.04295544964994305,0.12471859422346096,0.0195251685282615,-0.0792585260577332,4.870346547004344,4.868977048200738,0.5,0.3,0.025348523687459847,0.04295544964994305
0,1.68,0.477246755657364,0.29732988626757323,0.04136343163477035,0.11650871679139935,0.017938527616517423,-0.07994327545953617,4.87212094685769,4.871348484316681,0.5,0.3,0.022909378766343493,0.04136343163477035
0,1.7,0.4794973872583391,0.2976737264835174,0.03976070381287459,0.10860645425000215,0.016447604807090663,-0.08032950673004047,4.873825280271234,4.873614204936579,0.5,0.3,0.020634162878779526,0.03976070381287459
0,1.72,0.48159306729783413,0.2979886667877388,0.038153058301600505,0.10101374481993267,0.015048460003402995,-0.08043504439736804,4.875463148730422,4.875777934108535,0.5,0.3,0.018516496234244974,0.038153058301600505
0,1.74,0.4835399968433801,0.29827650438239683,0.03654593134054371,0.09373141157231332,0.013737250081777412,-0.08027765170831147,4.877037608904007,4.877843003052786,0.5,0.3,0.016549989155882665,0.03654593134054371
0,1.76,0.4853443828471425,0.29853896046925743,0.03494440527712137,0.0867592311847503,0.012510219660643723,-0.07987495463392191,4.878551249263736,4.879812413016017,0.5,0.3,0.014728263666893114,0.03494440527712137
0,1.78,0.48701241790214667,0.29877768193548554,0.03335321200320434,0.08009600227657555,0.011363694097370704,-0.07924437275778118,4.880006262011855,4.881688894002584,0.5,0.3,0.013044974135632418,0.03335321200320434
0,1.8,0.48855026135876956,0.29899424291942867,0.031776737708002364,0.07373961305485165,0.010294074482865973,-0.07840305676241632,4.881404509756677,4.883474958829201,0.5,0.3,0.011493827137102983,0.031776737708002364
0,1.82,0.48996402178525195,0.2991901462939555,0.030219028818116656,0.06768710802936874,0.009297834397404678,-0.0773678322261544,4.8827475865610275,4.885172952129886,0.5,0.3,0.010068600784224762,0.030219028818116656
0,1.84,0.4912597407513993,0.29936682510017903,0.02868379900143786,0.06193475357935199,0.00837151819027732,-0.07615514944172519,4.884036873149961,4.886785094095948,0.5,0.3,0.008763163936987244,0.02868379900143786
0,1.86,0.4924433779105192,0.2995256439596857,0.027174437117333288,0.05647810217717134,0.0075117405498652794,-0.074781038968732,4.885273586203407,4.888313518872423,0.5,0.3,0.007571495958937852,0.027174437117333288
0,1.8800000000000001,0.49352079735096166,0.29966790048880904,0.025694016001303728,0.05131205509525866,0.006715187138805825,-0.07326107263422399,4.886458821777707,4.889760307648766,0.5,0.3,0.006487708151006696,0.025694016001303728
0,1.9000000000000001,0.4944977551853483,0.29979482673409424,0.024245301977974542,0.046430923441918834,0.005978616080204374,-0.07161032969869474,4.887593592998711,4.891127516578708,0.5,0.3,0.00550606883987153,0.024245301977974542
0,1.92,0.49537988834267455,0.29990759064395883,0.02283076500190063,0.041828487389967334,0.005298860094665164,-0.0698433679086965,4.8886788622495665,4.892417199743629,0.5,0.3,0.0046210357297080595,0.02283076500190063
0,1.94,0.4961727045259217,0.30000729758771083,0.02145258933119701,0.03749805347930297,0.004672829103589208,-0.06797419916166536,4.8897155681401046,4.893631427436704,0.5,0.3,0.003827302431306745,0.02145258933119701
0,1.96,0.4968815732956004,0.3000949919295644,0.020112684644446696,0.03343250989076453,0.00409751313114162,-0.0660162695133657,4.890704647593524,4.894772300093129,0.5,0.3,0.0031198731668763283,0.020112684644446696
0,1.98,0.49751171823775103,0.30017165866212153,0.018812697516677405,0.029624379604028528,0.003569985355006519,-0.0639824432635634,4.891647053421162,4.895841958226314,0.5,0.3,0.0024941958272401516,0.018812697516677405
0,2.0,0.4980682101733296,0.30023822510097203,0.0175540231754319,0.026065871366959984,0.003087405174071045,-0.06188499086098709,4.892543767779306,4.896842588752621,0.5,0.3,0.0019464231639498273,0.0175540231754319
0,2.02,0.49855596136459573,0.3002955626396076,0.016337817463078736,0.022748928417784538,0.0026470211791309816,-0.059735580374329356,4.8933958119146785,4.897776428099322,0.5,0.3,0.0014739758663126188,0.016337817463078736
0,2.04,0.49897972067308327,0.30034448856174584,0.015165008936515364,0.01966527491474215,0.0022461739302593194,-0.05754527228200779,4.8942042526087635,4.898645762493575,0.5,0.3,0.0010768668785450578,0.015165008936515364
0,2.06,0.49934406962295297,0.3003857679064013,0.014036311040299267,0.016806460040530193,0.0018822984613626643,-0.055324517339601975,4.894970205726974,4.899452925825605,0.5,0.3,0.0007609609301024078,0.014036311040299267
0,2.08,0.4996534193229962,0.30042011537961383,0.012952234294000381,0.014163899760852777,0.0015529264484514947,-0.053083157290286564,4.895694837268078,4.90020029546813,0.5,0.3,0.0005446238131596076,0.012952234294000381
0,2.1,0.49991200820025883,0.3004481973056244,0.01191309843919491,0.011728916227761416,0.001255687993107662,-0.05083042819026051,4.8963793622934375,4.900890286417737,0.5,0.3,0.00045675308602204394,0.01191309843919491
0,2.12,0.5001239004981781,0.30047063360945747,0.010919044496011197,0.009492774829191107,0.0009883129864202112,-0.04857496612811074,4.8970250420955495,4.901525344103442,0.5,0.3,0.000486669629009007,0.010919044496011197
0,2.14,0.5002929854922535,0.30048799982230034,0.009970046683488444,0.007446718896153809,0.000748632031202949,-0.04632481512416442,4.8976331799422015,4.90210793618383,0.5,0.3,0.0005691962097872994,0.009970046683488444
0,2.16,0.5004229773765989,0.3005008291007392,0.009065924162213298,0.00558200208843549,0.0005345769115526427,-0.04408743700335016,4.898205115706937,4.902640543628337,0.5,0.3,0.0006555453067956192,0.009065924162213298
0,2.18,0.5005174157752277,0.30050961425079253,0.008206352561753293,0.003889918488341573,0.0003441806087411082,-0.04186972304265035,4.898742219669601,4.90312565135065,0.5,0.3,0.0007262408478358325,0.008206352561753293
0,2.2,0.5005796668325954,0.30051480974774886,0.007390875259305531,0.0023618304400394186,0.00017557687106974445,-0.03967800720212589,4.899245885742746,4.903565738634009,0.5,0.3,0.0007752694455403169,0.007390875259305531
0,2.22,0.5006129248387481,0.30051683374304244,0.006618914379719325,0.0009891941793497873,2.6999352675690725e-05,-0.037518080756494765,4.899717524351717,4.903963269559799,0.5,0.3,0.0008017443332519672,0.006618914379719325
0,2.24,0.5006202143453915,0.3005160700497618,0.005889781490629843,-0.0002364166945595708,-0.00010321965757500767,-0.03539520815245334,4.9001585551683196,4.904320683622703,0.5,0.3,0.0008068420728311952,0.005889781490629843
0,2.2600000000000002,0.5006043927302831,0.30051287009885813,0.005202687969852692,-0.0013232898482224507,-0.0002166508909890611,-0.033314143925261774,4.900570399870973,4.904640386688456,0.5,0.3,0.0007926703670012184,0.005202687969852692
0,2.2800000000000002,0.5005681531685513,0.3005075548586832,0.004556755025434872,-0.00227955488109693,-0.0003147701077196015,-0.03127915051652019,4.900954475078206,4.904924742424087,0.5,0.3,0.0007618464133326389,0.004556755025434872
0,2.3000000000000003,0.5005140279708418,0.30050041671111366,0.003951023351833874,-0.0031131659638594113,-0.0003989604262860187,-0.029294016843579573,4.901312185577663,4.905176064305796,0.5,0.3,0.0007173852797273788,0.003951023351833874
0,2.32,0.5004443922495757,0.3004917212781994,0.003384462408602947,-0.0038318863767914497,-0.00047051493902357147,-0.027362077479513136,4.9016449179497155,4.9053966082865585,0.5,0.3,0.0006627777055069214,0.003384462408602947
0,2.34,0.5003614678760542,0.30048170919398115,0.0028559793106968994,-0.004443274874042425,-0.0005306395773759002,-0.025486232311091594,4.901954034663343,4.905588566184225,0.5,0.3,0.0006022480991959199,0.0028559793106968994
0,2.36,0.5002673276926579,0.30047059781685037,0.0023644273220794747,-0.004954673796923952,-0.0005804561905034648,-0.023668966550650872,4.902240868702358,4.905754059831522,0.5,0.3,0.0005412267551462607,0.0023644273220794747
0,2.38,0.5001638999459475,0.3004585828785514,0.001908613946712277,-0.0053731988573467605,-0.0006210058008795036,-0.021912370986068908,4.902506718762406,4.905895136011833,0.5,0.3,0.00048699224714778716,0.001908613946712277
0,2.4,0.5000529729080629,0.3004458400666451,0.0014873086132380347,-0.005705730511015786,-0.0006532520012920548,-0.02021816236135532,4.902752845043286,4.906013762189232,0.5,0.3,0.00044897605060265766,0.0014873086132380347
0,2.42,0.49993619965544145,0.3004325265379531,0.0010992499517406623,-0.005958906839020328,-0.0006780844588829302,-0.018587703788381926,4.902980465647253,4.9061118230275715,0.5,0.3,0.00043720669025015775,0.0010992499517406623
0,2.44,0.4998151029755027,0.30041878236117153,0.0007431526628746182,-0.0061391178559579325,-0.0006963224934504413,-0.017022025098222482,4.903190753581867,4.906191117681878,0.5,0.3,0.00045778332832943153,0.0007431526628746182
0,2.46,0.49969108037359133,0.3004047318874807,0.0004177139814102265,-0.006252501162676774,-0.000708718699143716,-0.015521843048216688,4.903384834355571,4.906253357835304,0.5,0.3,0.0005091554147057192,0.0004177139814102265
0,2.48,0.499565409154101,0.30039048504857213,0.00012161973784455656,-0.006304938862074893,-0.0007159625808182765,-0.014087581308350305,4.903563784145598,4.906300166446874,0.5,0.3,0.0005842497552396359,0.00012161973784455656
0,2.5,0.49943925155132834,0.3003761385820659,-0.0001464499768160716,-0.0063020556571190545,-0.0007186841786325912,-0.012719390157712507,4.903728628510662,4.906333077168612,0.5,0.3,0.0006752177838343935,0.0001464499768160716
0,2.52,0.4993136598872126,0.3003617771847946,-0.0003878155366805731,-0.006249218051304947,-0.000717457656894391,-0.011417165828737641,4.903880341615308,4.906353534385687,0.5,0.3,0.000775851456052605,0.0003878155366805731
0,2.54,0.4991895817346989,0.300347474594886,-0.0006037928894034291,-0.006151534573138626,-0.0007128048356528853,-0.010180569443547949,4.904019845928501,4.906362893829453,0.5,0.3,0.0008817688806171465,0.0006037928894034291
0,2.56,0.4990678650670155,0.3003332946039795,-0.000795689038769631,-0.00601385694784233,-0.0007051986460404869,-0.009009045493072243,4.904148012356002,4.906362423710864,0.5,0.3,0.0009899297077731704,0.000795689038769631
0,2.58,0.4989492633746729,0.30031929200126933,-0.000964797891856763,-0.005840782141343277,-0.0006950664928503592,-0.007901839815640965,4.904265660764077,4.906353306320384,0.5,0.3,0.001098177962753946,0.000964797891856763
0,2.6,0.4988344407334717,0.30030551345136897,-0.001112396460388045,-0.005636655203660615,-0.000682793510261723,-0.00685801703748723,4.904373560851143,4.906336640040115,0.5,0.3,0.0012049343852498075,0.001112396460388045
0,2.62,0.498723976808242,0.3002919983082538,-0.0012397414051929308,-0.005405572841033952,-0.0006687256989663559,-0.005876477443001349,4.90447243332375,4.9063134417144,0.5,0.3,0.001309006569092533,0.0012397414051929308
0,2.64,0.49861837177842483,0.3002787793677488,-0.0013480659120997092,-0.005151387648509167,-0.0006531729351803998,-0.004955973247676493,4.904562951333928,4.906284649326269,0.5,0.3,0.001409473120898519,0.0013480659120997092
0,2.66,0.49851805117295056,0.3002658835611975,-0.0014385768870915378,-0.004877712937187969,-0.0006364118441317283,-0.004095124251506377,4.904645742136062,4.906251124928976,0.5,0.3,0.0015056116345552974,0.0014385768870915378
0,2.68,0.4984233706031554,0.3002533325930781,-0.001512452458157098,-0.0045879280929329224,-0.0006186885325756482,-0.003292432855049654,4.9047213889232335,4.906213657784127,0.5,0.3,0.0015968524220197331,0.001512452458157098
0,2.7,0.49833462038371784,0.30024114352542225,-0.0015708397709536242,-0.004285184405977712,-0.0006002211767040222,-0.0025462984246029663,4.904790432804969,4.906172967660622,0.5,0.3,0.0016827475943174564,0.0015708397709536242
0,2.72,0.4982520300327797,0.30022932931194757,-0.0016148530651674201,-0.003972411313603105,-0.0005812024634681812,-0.001855030996776641,4.9048533748908945,4.906129708251584,0.5,0.3,0.001762949500020507,0.0016148530651674201
0,2.74,0.49817577264354485,0.3002178992848419,-0.0016455720182995074,-0.0036523230007842462,-0.0005618018848294149,-0.001216864316432087,4.90491067844731,4.90608447066974,0.5,0.3,0.0018371950213229872,0.0016455720182995074
0,2.7600000000000002,0.4981059691207255,0.3002068595971304,-0.001664040343515997,-0.0033274253064780154,-0.0005421678857835448,-0.0006299682052168798,4.904962771096634,4.906037786984999,0.5,0.3,0.0019052936426100318,0.001664040343515997
0,2.7800000000000002,0.49804269227622217,0.3001962136235307,-0.0016712646281785073,-0.003000022885985333,-0.0005224298681797831,-9.246026103415517e-05,4.905010047032543,4.905990133771409,0.5,0.3,0.001967118021781974,0.0016712646281785073
0,2.8000000000000003,0.49798597077938855,0.30018596232264905,-0.00166821339970486,-0.002672226582579258,-0.0005027000533716553,0.0003975831083988801,4.9050528692265,4.90594193563419,0.5,0.3,0.0020225962738326655,0.00166821339970486
0,2.82,0.4979357929581421,0.30017610456330107,-0.0016558164054984326,-0.0023459609643234564,-0.0004830752076076806,0.0008421163122438458,4.905091571604441,4.905893568690815,0.5,0.3,0.0020717054638319534,0.0016558164054984326
0,2.84,0.4978921104480332,0.3001666374176565,-0.0016349640938216837,-0.002022971984706766,-0.00046363823479592933,0.001243114855431049,4.905126461175123,4.905845363983537,0.5,0.3,0.0021144659827611162,0.0016349640938216837
0,2.86,0.49785484168718924,0.3001575564238068,-0.0016065072826709937,-0.0017048347283787045,-0.000444459641868629,0.0016025662596379497,4.905157820094462,4.905797610803946,0.5,0.3,0.002150936589884484,0.0016065072826709937
0,2.88,0.4978238752557959,0.30014885582024714,-0.0015712570039308137,-0.0013929612058798126,-0.00042559888244206166,0.0019224616143800333,4.9051859076528626,4.905750559913098,0.5,0.3,0.002181209975577492,0.0015712570039308137
0,2.9,0.4977990730594765,0.3001405287546452,-0.001529984510342034,-0.0010886081638125929,-0.0004071055848183292,0.002204787744497949,4.905210962174955,4.905704426643802,0.5,0.3,0.0022054087440663236,0.001529984510342034
0,2.92,0.49778027335657427,0.3001325674691474,-0.00148342143310784,-0.0007928848793873325,-0.000389020670624064,0.002451519978921457,4.905233202823589,4.905659393874193,0.5,0.3,0.0022236817455315474,0.00148342143310784
0,2.94,0.4977672936299409,0.3001249634643443,-0.0014322600782763917,-0.0005067609106971078,-0.0003713773705311929,0.0026646155042233666,4.905252831301968,4.90561561486433,0.5,0.3,0.0022362007070751764,0.0014322600782763917
0,2.96,0.4977599333043836,0.30011770764388856,-0.0013771538503801117,-0.0002310737764232686,-0.0003542021435737967,0.002846007285404628,4.905270033449878,4.90557321594976,0.5,0.3,0.0022431571256243954,0.0013771538503801117
0,2.98,0.49775797631142615,0.3001107904416278,-0.0013187177921726112,3.346345905695094e-05,-0.0003375155065645567,0.002997598535345425,4.90528498073165,4.905532299088127,0.5,0.3,0.00224475939514291,0.0013187177921726112
0,3.0,0.49776119350349696,0.300104201932986,-0.0012575292296833174,0.0002862547169984689,-0.00032133278004129503,0.003121257713583958,4.905297831615095,4.905492944256727,0.5,0.3,0.0022412301469555166,0.0012575292296833174
0,3.02,0.49776934492007496,0.3000979319321992,-0.0011941285122034795,0.0005268135717813563,-0.0003056647570431911,0.0032188140343998306,4.905308732842081,4.905455211700599,0.5,0.3,0.002232803786484527,0.0011941285122034795
0,3.04,0.49778218190869583,0.3000919700768879,-0.0011290198372228921,0.0007547560722737278,-0.0002905183008380064,0.003292053463658906,4.905317820592551,4.905419144032154,0.5,0.3,0.0022197242128604265,0.0011290198372228921
0,3.06,0.49779944910405716,0.30008630590132757,-0.001062672150751699,0.00096979373283048,-0.00027589687750419927,0.0033427151834604096,4.905325221544846,4.905384768184646,0.5,0.3,0.002202242710111403,0.001062672150751699
0,3.08,0.49782088626875753,0.30008092889966304,-0.0009955201138834892,0.001171726707841257,-0.00026180102902296153,0.0033724885033605823,4.905331053836039,4.9053520972228375,0.5,0.3,0.0021806160002371196,0.0009955201138834892
0,3.1,0.4978462299994646,0.3000758285802034,-0.0009279651268822854,0.0013604371619753068,-0.00024822879226109936,0.0033830101967597948,4.905335427926732,4.905321132015085,0.5,0.3,0.0021551044496223234,0.0009279651268822854
0,3.12,0.4978752153025335,0.30007099451182756,-0.0008603764025053263,0.0015358828465922253,-0.00023517606893377828,0.0033758622409361116,4.905338447375181,4.905291862771892,0.5,0.3,0.0021259704210777547,0.0008603764025053263
0,3.14,0.49790757704329075,0.30006641636343395,-0.0007930920807030473,0.0016980908911957966,-0.00022263695133240046,0.003352569939291783,4.905340209526192,4.905264270456423,0.5,0.3,0.0020934767644030998,0.0007930920807030473
0,3.16,0.49794305127335986,0.30006208393727274,-0.0007264203772660539,0.0018471518173026216,-0.00021060400829174788,0.003314600404407564,4.905340806120427,4.905238328073046,0.5,0.3,0.0020578854388166945,0.0007264203772660539
0,3.18,0.49798137644053936,0.30005798719691557,-0.000660640759414809,0.001983213780677317,-0.00019906853555624648,0.0032633613807169226,4.905340323829925,4.905214001840231,0.5,0.3,0.00201945626093156,0.000660640759414809
0,3.2,0.4980222944858487,0.3000541162905352,-0.0005960051417489422,0.0021064770465506633,-0.00018802077439329496,0.003200200385869767,4.905338844725776,4.9051912522543315,0.5,0.3,0.0019784457722175864,0.0005960051417489422
0,3.22,0.4980655518324375,0.30005046157009496,-0.0005327390963887691,0.0022171887011848937,-0.00017745010199506295,0.0031264041501475326,4.905336446683848,4.905170035050921,0.5,0.3,0.0019351062200929313,0.0005327390963887691
0,3.24,0.4981109002711083,0.30004701360697994,-0.00047104307155045326,0.0023156376019798823,-0.0001673451969094013,0.0030431983336840496,4.905333203734378,4.905150302070354,0.5,0.3,0.0018896846469556403,0.00047104307155045326
0,3.2600000000000002,0.4981580977472375,0.3000437632045394,-0.00041109361319689237,0.002402149567223657,-0.00015769418245307614,0.002951747501672042,4.90532918636111,4.905132002034161,0.5,0.3,0.0018424220816097142,0.00041109361319689237
0,3.2800000000000002,0.4982069090538888,0.30004070140795425,-0.0003530445847981934,0.0024770828055785143,-0.00014848475078256678,0.0028531553381978547,4.905324461755458,4.9051150812388205,0.5,0.3,0.001793552827667858,0.0003530445847981934
0,3.3000000000000003,0.4982571064359077,0.30003781951179204,-0.0002970283806174246,0.0025408235844581405,-0.0001397042700342944,0.0027484650798790256,4.905319094030911,4.905099484173191,0.5,0.3,0.0017433038436332707,0.0002970283806174246
0,3.3200000000000003,0.4983084701097587,0.3000351090655666,-0.0002431571283084411,0.0025937821355893416,-0.000131339876699204,0.002638660151019323,4.9053131444026405,4.905085154065762,0.5,0.3,0.0016918942094778515,0.0002431571283084411
0,3.34,0.4983607887038255,0.3000325618775782,-0.00019152387697244928,0.002636388795262047,-0.0001233785551625822,0.0025246649825798606,4.905306671336963,4.905072033367568,0.5,0.3,0.001639534674649339,0.00019152387697244928
0,3.36,0.4984138596238369,0.3000301700172741,-0.00014220376716782897,0.002669090376050807,-0.00011580720612399942,0.002407345997882171,4.9052997306749795,4.905060064176373,0.5,0.3,0.001586427282555739,0.00014220376716782897
0,3.38,0.49846748934800983,0.3000279258163359,-9.525517970321647e-05,0.0026923467661376234,-0.00010861270541159677,0.002287512748579079,4.905292375734389,4.9050491886073955,0.5,0.3,0.0015327650666952736,9.525517970321647e-05
0,3.4,0.4985214936564184,0.30002582186867366,-5.072086036660102e-05,0.002706627751777115,-0.00010178195452145125,0.0021659191850824655,4.9052846573931195,4.905039349115574,0.5,0.3,0.0014787318137217537,5.072086036660102e-05
0,3.42,0.4985756977990024,0.30002385102947954,-8.629018052678305e-06,0.0027124100579181782,-9.530192404388133e-05,0.0020432650463098057,4.905276624158122,4.905030488774031,0.5,0.3,0.001424501888862851,8.629018052678305e-06
0,3.44,0.49862993660652466,0.30002200641347426,3.100560595306161e-05,0.0027101746015287926,-8.915969098633834e-05,0.001920197354264186,4.90526832222228,4.905022551513064,0.5,0.3,0.0013702401192401156,3.100560595306161e-05
0,3.46,0.49868405454867354,0.3000202813924586,6.818069949226507e-05,0.002700403951759866,-8.334247086501587e-05,0.0017973119996561593,4.905259795512108,4.905015482323716,0.5,0.3,0.0013161017307742077,6.818069949226507e-05
0,3.48,0.4987379057433854,0.3000186695922682,0.00010290537354342815,0.0026835799907272834,-7.78376453133845e-05,0.0016751554054601492,4.905251085728563,4.905009227429599,0.5,0.3,0.001262232334499099,0.00010290537354342815
0,3.5,0.4987913539213347,0.3000171648892138,0.00013519919015781418,0.0026601817683859622,-7.263278584778567e-05,0.0015542262559784525,4.905242232383064,4.905003734430411,0.5,0.3,0.0012087679582511578,0.00013519919015781418
0,3.52,0.49884427234940626,0.3000157614060797,0.00016509122551411898,0.0026306835447130346,-6.771567433068362e-05,0.0014349772796520277,4.905233272830399,4.904998952420228,0.5,0.3,0.0011558351198456198,0.00016509122551411898
0,3.54,0.49889654371682596,0.30001445350774053,0.0001926191690563039,0.0025955530122066524,-6.307432058979218e-05,0.001317817074566463,4.9052242423000845,4.904994832083447,0.5,0.3,0.0011035509380007242,0.0001926191690563039
0,3.56,0.4989480599874853,0.3000132357964507,0.00021782845946444524,0.002555249691539606,-5.8696977574833666e-05,0.001203111966247672,4.9052151739273935,4.904991325770883,0.5,0.3,0.0010520232774216926,0.00021782845946444524
0,3.58,0.49899872222184977,0.30001210310685156,0.00024077145800684645,0.0025102234930804257,-5.457215437173892e-05,0.0010911878879924508,4.905206098785069,4.9049883875584115,0.5,0.3,0.0010013509246078163,0.00024077145800684645
0,3.6,0.49904844037169477,0.30001105050073734,0.0002615066596334092,0.0024609134369062867,-5.0688627337142134e-05,0.000982332274663822,4.905197045916553,4.904985973290182,0.5,0.3,0.0009516237910996852,0.0002615066596334092
0,3.62,0.49909713305076514,0.3000100732616146,0.00028009794199483124,0.0024077465238792942,-4.70354495712537e-05,0.0008767959614783827,4.9051880423713365,4.904984040608304,0.5,0.3,0.0009029231410370536,0.00028009794199483124
0,3.64,0.49914472728430453,0.3000091668890872,0.0002966138524092365,0.002351136750338151,-4.360195890704878e-05,0.0007747950799621428,4.905179113242914,4.904982548970669,0.5,0.3,0.0008553218400512367,0.0002966138524092365
0,3.66,0.49919115824025284,0.3000083270930946,0.0003111269326472554,0.0022914842589683133,-4.037778456126708e-05,0.0006765129438397466,4.905170281709624,4.904981459658379,0.5,0.3,0.0008088846226689483,0.0003111269326472554
0,3.68,0.4992363689447611,0.30000754978802974,0.00032371308126782786,0.002229174618453198,-3.735285256671333e-05,0.0005821019182175036,4.905161569078574,4.9049807357741235,0.5,0.3,0.0007636683755561621,0.00032371308126782786
0,3.7,0.4992803099845262,0.30000683108675874,0.00033445095310992483,0.0021645782245745026,-3.4517390082901054e-05,0.0004916852659921922,4.9051529948327115,4.9049803422326415,0.5,0.3,0.0007197224340806398,0.00033445095310992483
0,3.72,0.4993229391983015,0.3000061672945655,0.00034342139542941843,0.00209804981551898,-3.1861928666064904e-05,0.0004053589659571699,4.905144576680995,4.904980245744357,0.5,0.3,0.0006770888898208734,0.00034342139542941843
0,3.74,0.499364221359796,0.30000555490304,0.0003507069200653722,0.0020299280942599474,-2.937730656502496e-05,0.0003231934976382078,4.905136330611594,4.904980414793017,0.5,0.3,0.0006358029067937653,0.0003507069200653722
0,3.7600000000000002,0.4994041278540339,0.3000049905839305,0.00035639121092525194,0.0019605354510122837,-2.7054670100586984e-05,0.0002452355883497681,4.9051282709478725,4.904980819608205,0.5,0.3,0.0005958930443177221,0.00035639121092525194
0,3.7800000000000002,0.49944263634910596,0.30000447118297624,0.00036055866599391185,0.0018901777789077404,-2.4885474177831914e-05,0.00017150991851622166,4.90512041040701,4.904981432133407,0.5,0.3,0.0005573815845676447,0.00036055866599391185
0,3.8000000000000003,0.4994797304651117,0.3000039937137384,0.00036329397299622026,0.0018191443762010607,-2.2861481975833688e-05,0.00010202078171461793,4.905112760160904,4.904982225990228,0.5,0.3,0.000520284863014802,0.00036329397299622026
0,3.8200000000000003,0.49951539944195555,0.3000035553514453,0.0003646817177771321,0.0017477079284949019,-2.0974763856129414e-05,3.6753696376568e-05,4.905105329899108,4.904983176439357,0.5,0.3,0.0004846136000783385,0.0003646817177771321
0,3.84,0.49954963780753575,0.3000031534268663,0.00036480602440590917,0.0016761245646611028,-1.921769552917568e-05,-2.432303349886311e-05,4.9050981278934485,4.904984260338711,0.5,0.3,0.0004503732324441652,0.00036480602440590917
0,3.86,0.49958244504773675,0.30000278542023007,0.00036375022596224596,0.0016046339803357605,-1.7582955516864262e-05,-8.125681086745828e-05,4.9050911610640044,4.904985456099217,0.5,0.3,0.0004175642426327082,0.00036375022596224596
0,3.88,0.49961382527951825,0.3000024489552,0.0003615965649209595,0.001533459623074317,-1.6063521949703373e-05,-0.00013410929326118648,4.90508443504608,4.9049867436385854,0.5,0.3,0.00038618248551782733,0.0003615965649209595
0,3.9,0.499643786928276,0.3000021417929199,0.00035842592201826496,0.0014628089334688965,-1.4652668737146264e-05,-0.00018295499700826667,4.9050779542578615,4.9049881043334365,0.5,0.3,0.0003562195106166509,0.00035842592201826496
0,3.92,0.4996723424105389,0.30000186182614225,0.00035431757245597427,0.0013928736367520738,-1.334396115056744e-05,-0.0002278799592208003,4.905071721968388,4.904989520970043,0.5,0.3,0.00032766287908157153,0.00035431757245597427
0,3.94,0.49969950782295924,0.3000016070734505,0.0003493489682798333,0.0013238300796377628,-1.2131250859843358e-05,-0.00026898045839329754,4.905065740365538,4.90499097769401,0.5,0.3,0.0003004964744348405,0.0003493489682798333
0,3.96,0.4997253026384495,0.3000013756735854,0.00034359554575432593,0.001255839607379742,-1.100867046453e-05,-0.00030636179415743925,4.9050600106237185,4.9049924599590575,0.5,0.3,0.0002747008061885166,0.00034359554575432593
0,3.98,0.49974974941022327,0.3000011658798856,0.00033713055654787207,0.001189048976260323,-9.970627562856063e-06,-0.00034013712648794936,4.905054532970943,4.904993954475223,0.5,0.3,0.0002502533055915773,0.00033713055654787207
